reviewId,anonymized_user,score,content,at
3f405030-f373-4e00-a4ae-c9548bab4a7f,사용자12,5,카니발 하이리무진,2024-06-04 08:17:10
7951a8c0-679a-49fe-a2f5-409657054c31,사용자14,4,좋습니다 하여간 좋습니다,2024-05-28 18:54:34
75102d6f-ba80-4b24-8a57-52160f56b824,사용자31,1,수리잘 안해줍니다 비추천,2024-04-23 10:41:12
37247559-5095-437d-b4b4-75a9a7ae1143,사용자41,1,차량을 검색하려하면 검색도안돼고 멈춰있는데 검색하기싫게한다,2024-03-23 18:42:28
3f4a425a-0f3c-43aa-a12e-f2183c81e3b0,사용자118,5,살펴보기도 편하고 빨라서 좋아요,2024-03-13 17:39:42
f2ba2a65-e535-4a7b-bd43-6c66a1f90cf4,사용자143,5,중고차 알아보는 중인데 여기저기 비교해보려고 다운받았어요 눈에보기쉽고 사용이 편리해요 좋아요,2024-03-13 17:23:52
1347eb0a-3029-4007-83d7-bb286b2dacde,사용자164,5,사용하기 편리하고 좋습니다,2024-03-13 14:31:57
c7041ba1-319b-451f-a51b-db410e47aa39,사용자171,5,차량거래할때 걱정되는데 정보가 많아서 좋아요,2024-03-13 14:21:29
570ed82e-fa8d-41db-8a2e-b3849a902e99,사용자179,5,중고차구매는 케이카 집까지 배송해주는 서비스가 너무좋아요,2024-03-13 14:15:24
548ea7b2-821e-4edd-9b81-cc9c1ffc09d9,사용자197,1,접속장애 접속장애 접속장애,2024-01-18 19:00:51
7638639e-ca85-490b-93f2-8f7cd8c6e90b,사용자199,1,검색도 잘안돼고 겁나느림,2024-01-16 23:43:54
5916829b-c442-428e-a37a-a43d9aec82a4,사용자237,1,앱관리좀하세요 안들어가져요,2023-06-22 02:04:59
68dbd93c-7068-4163-aac1-e6de51ee9298,사용자255,1,개인정보 사진및미디어 다들여다봄,2023-05-07 06:45:04
e5b96503-69c3-4e0c-ba39-0b505e4fa164,사용자262,2,무한로딩 해결해주시오,2023-04-17 15:46:59
83835a15-d09d-4fc8-a0f6-9db43ad01751,사용자272,3,서버에러좀 고쳐주세요,2023-04-07 13:37:07
7333a740-d61f-4de9-a2c4-51cffc92bddd,사용자282,5,좋은앱이네요,2023-03-19 15:00:25
120a678c-4252-4de4-b03e-bfdf72b83420,사용자287,1,3초만에 업데이트 안되노 그래서 별점1이다,2023-03-08 16:47:06
fce8a92e-b988-4d0f-9621-d5fdf8353076,사용자289,1,서버렉 느려요 검색안되요,2023-03-03 15:09:09
af28793e-2c4f-4c8f-9e5e-b11756d0f8d5,사용자305,4,업데이트가 잘못된건지 화면이 안넘어가요 정검좀 해주세요,2023-01-25 16:46:06
5150f684-8455-4931-9283-3aacaa07186b,사용자308,2,서브에러가 계속이네요,2023-01-14 09:07:19
545b5a66-cf2f-461c-972f-28680f122820,사용자331,1,케이카에 사기당했습니다 엔진보링해야되는걸 팔고있음 딜러연락하니깐 안받음,2022-11-01 18:52:31
8838c11f-e171-4de2-a8a3-7e0b3c477239,사용자338,1,어플도안들어가지고 오류가너무많음,2022-10-16 11:24:44
688e46d9-126e-4393-9d30-1bf340a759b7,사용자354,5,유용한 어플인거 같아요,2022-10-12 03:03:49
6ce36330-d910-4b21-a5c4-d45baab0fd84,사용자359,5,유용합니다 잘쓸게요,2022-10-07 18:42:54
c207a729-d045-49b2-bd6b-e46e718bdfaa,사용자367,5,차량구입을 위해보는데 좋은것같아요,2022-10-06 14:39:52
dd01f819-3d31-4f67-86c9-d0dcd31b668b,사용자386,5,꼼꼼한 정비후 판매가 장점입니다,2022-10-05 12:15:07
17c71c95-e0cb-4d20-a015-57de9a324231,사용자419,5,사용하기 편리하고 믿을만해서 좋습니다,2022-10-05 09:33:46
82f56f22-4d4b-492e-b94a-72de547b14c3,사용자423,5,중고차는 선택하기가 힘든거 같은데 잘비교할수 있어서 좋아요 사기당할걱정도 덜합니다 중고차 사고팔고할때 이용하면 좋아요,2022-10-05 09:17:09
d2288e9b-a23b-458b-92db-c3bbbf6ee56a,사용자424,5,중고차구매하려하는데 직접가서 이것저것 얘기들어도 여자라 자동차에 무지하여 못알아듣는것 투성일게 뻔한데 이렇게 자세하게 설명되어있는 앱이있어서 차사는데 많은도움이 될것같아 좋아요,2022-10-05 09:13:26
5b7ab031-2135-4697-ad3b-d6c3d27173a8,사용자432,4,디자인이 직관적이고 좋아요,2022-10-05 08:48:15
8efb5fff-1d23-4cb0-8a5a-e4586963aba2,사용자450,5,앱구성도 깔끔하고 보기간편하게 잘되어있는편이예요 무엇보다 중고차도 다양하고 가격도 적당하게 형성되어있구요,2022-10-05 07:13:34
83c5fc98-0062-4097-b779-5a02d1e4a604,사용자544,5,중고차 사기도 많은데 여기는 믿음이 가네요 잘이용하겠습니다,2022-10-05 00:00:51
ec30faae-97c5-4b93-a2d5-ffba979e7274,사용자624,5,중고차팔때 간편하고 편리하네요,2022-10-04 23:07:28
810eaec8-ad3f-49ad-b843-c458bdd85582,사용자679,5,케이카 좋아요,2022-10-04 22:37:07
fac5179e-e10e-48ec-8423-c9dfc44c5e9f,사용자722,5,사용하기편하네요 어플이정리가잘돼서 조건검색하기아주편하네요 차량구매할때참고할것같아요 대기업이라믿음도잇고 기대됨니다,2022-10-04 22:13:56
7deda758-aca8-40ec-b077-4cbc7c3a84f9,사용자756,5,케이카 최고에요 깔끔하고 신속한정보와 최신정보까지 편하게 앉아서 볼수있어서 좋습니다,2022-10-04 21:54:45
d30a7c41-1a4f-4b4e-9506-58ed0baf7a6f,사용자790,5,편리하고 좋으네요,2022-10-04 21:39:27
2cc057fb-a413-4774-9097-4181175a17d0,사용자794,5,중고차 사기전에 참고하기 좋습니다,2022-10-04 21:38:42
b48bde8b-eff8-4a70-9581-9eeeb15b531e,사용자809,5,수요자의 요구에 확실한 정보를 제공하며 신뢰할수가 있습니다 편리한 디스플레이로써 계속적으로 사용하여 생활에 유익함을 주겠습니다,2022-10-04 21:34:44
8f122e95-9aa3-4f46-b8c1-fb3cb8f1daa1,사용자829,5,사용하기 편하고 유용해요,2022-10-04 21:27:46
51018b38-fda4-4899-9438-197d2d9609bb,사용자857,5,집앞에서 차를받아볼수 있다니 신세계입니다,2022-10-04 21:21:08
467eac47-c921-4e5a-a7b7-4e9fc89dbc1c,사용자907,4,사용하기 편리하네요,2022-10-04 21:03:01
842d1cfc-e033-43ad-8c11-13ae6f677ac7,사용자1114,5,한눈에 정보를 알수있어 좋네요 바쁠때 어플통해 알아보면 좋겠어요 지인들에게도 알려줘야겠네요,2022-10-04 20:04:43
2f8aa8a5-09c6-4618-b518-3c1f4f340bb4,사용자1139,4,알고싶은 정보가 많아서좋네요,2022-10-04 19:58:07
3900f2d0-9045-400a-b3ee-e2c3c72cec16,사용자1178,5,믿을만한 매물이 많아요,2022-10-04 19:49:16
830966a3-a725-4604-b540-08296a676ff2,사용자1204,5,중고차를 안전하고 편리하게 구매할수있는 케어카 내차사기 홈서비스가 마음에 쏙드는 앱입니다,2022-10-04 19:45:03
fa8ca740-08ab-4486-a306-a498e2b79e99,사용자1215,5,Good 사용하기편하고 좋아요 간편하게 이용할수있고 다양하게 볼수있어서 편리한거같아요 추천합니다 여러가지 내용도 함께여서 편하네요,2022-10-04 19:42:52
411a8ac7-8bdc-4209-ae8b-7624ffae9214,사용자1297,5,이용이 편리하고 좋습니다,2022-10-04 19:28:08
86af5b9b-25ff-430a-8ebf-46e8257e83a7,사용자1302,5,편리하고 친절해요,2022-10-04 19:27:17
e01318eb-d75e-4968-9276-05ea04b55c26,사용자1303,5,사용자 편리하게 인터페이스 이용할수잇고 믿은직한 매물이라 신뢰갑니다,2022-10-04 19:27:16
bd7bf4db-ba8d-4048-ba6b-1d44fb892896,사용자1310,5,어느때보다 유재석이 모델이니깐 믿어볼게요 국민엠씨가 추천해주는거니깐 그리고 침수차 보상은 획기적인데요,2022-10-04 19:26:22
6847c0b6-9fd0-42d0-bfda-341498537189,사용자1327,5,중고차 개인거래는 믿음이안가고 케이카는 믿음이갑니다 중고차 거래시 들리게되는곳입니다,2022-10-04 19:22:55
fc3e7395-a5c5-407a-8e76-b21e85ce1adc,사용자1388,5,케이카가 제일믿을만하다고해서 깔았어요 수입차들 게런티 가입으로 수리비용도 부담줄여주고 침수차에대한 보상도 해준다하니까 믿을수있어요,2022-10-04 19:13:52
02f991bb-5983-4079-8b47-6a29a3cc6357,사용자1411,5,사용하기매우편리해요추천합니다,2022-10-04 19:11:38
bb1ba4a4-425b-4d5d-a0ca-bf5623729d7e,사용자1429,5,케이카앱을이용해보니중고차를사고팔고편리하게이용이가능하고거래가편리합니다차에관심이많아서자주이용할것같아요,2022-10-04 19:09:25
a38d3e89-1a56-405e-97a7-3c3e97fc13e9,사용자1470,5,좋습니다 잘쓸게요,2022-10-04 19:04:48
bc271a04-d24e-4f2a-8cdf-2fd3754c4e33,사용자1476,5,사용하기 편리해요,2022-10-04 19:04:01
7f58d158-0043-4169-93b6-2b90460e7652,사용자1491,5,잘쓰고있어요,2022-10-04 19:02:45
b0ad510e-4353-4b4d-820b-4b1f5070c674,사용자1514,5,유용한앱입니다,2022-10-04 18:59:52
77a678a4-9c6b-43f8-af2f-e56631424f56,사용자1532,5,자동차 중고시장 믿음이가질않았었는데 이렇게 믿음가는 대기업이 뛰어들게 되다니 좋은거같아요 편리하고 믿음가는 앱이되길바래요,2022-10-04 18:57:48
d26af441-6ec1-499e-8d43-7491ab5052f7,사용자1542,5,케이카 만족합니다 어플조아요,2022-10-04 18:57:16
cff99b21-cc45-49fc-815d-05caddd97a4d,사용자1560,5,사용하기매우좋아요 편리해요추천합니다,2022-10-04 18:55:11
bca54b14-6331-4128-932f-7041b000b39c,사용자1608,5,온라인거래는 제품을 제대로확인하기 어렵다는단점이 있는데 사진들이나 상태들이 자세히 나와있어서 비교해서 살펴보기 좋네요 직영이라 더믿을수있고 배송까지 해줘서 더편한것같아여,2022-10-04 18:41:28
856e928b-1f90-4ac0-ab08-07779c03cf53,사용자1672,5,직영으로믿고 중고거래할수있어서좋아요,2022-10-04 18:21:31
fa5615bb-bb0f-4644-9c0d-cb0b1c7006c5,사용자1686,5,직영중고차거래는 케이카가제일좋은거같아요,2022-10-04 18:18:46
4cee4f12-8834-4943-bed5-d2855d34edb5,사용자1749,5,사용해보니 간편하고 사용하기 쉬워서 좋은것같아요,2022-10-04 18:10:00
3ab8a5bd-3f49-4035-aea1-f749fd5f5f7a,사용자1752,4,중고차 구매하려고 다운받았어요 친구가 추천해줬는데 나프지 않은거 같아요,2022-10-04 18:09:38
db8443f1-eec6-440b-807a-5328035f6973,사용자1760,5,인터페이스도 깔끔하고 사용하기 좋아요,2022-10-04 18:08:42
dc2715d0-81b4-49ab-ae55-127bece83092,사용자1766,5,언제나 잘애용중인 앱이라 감사드립니다 번창하세요 오래함께해주세요,2022-10-04 18:05:38
961d79cd-b40b-483a-9ccd-f3c966ad87d0,사용자1795,3,서버오류 계속로딩,2022-09-17 18:14:42
a718d538-9f34-47c3-a265-39c8f1d44ae8,사용자1802,1,비흡연차량이라고 두번홈서비스했는데 담배남새가많이나서 자동차클리닝 대리점에가니 냄새제거를못한다고하네요 홈서비스 안하시는게 정신건강에 이롭습니다 중고차는 직접가서 보고사세요 K카도 거르시구요,2022-09-08 09:52:15
d212556f-b347-4eef-a967-6777a6a50a6f,사용자1817,1,정상적인 사용이 어려울정도로 에러가 많이나네요,2022-08-22 19:30:02
3bcea130-5358-49ba-8621-b0e15846a8de,사용자1825,3,필터가 저장되었음 좋겠음,2022-08-16 09:35:27
2e06a27c-504b-435a-b987-726d559db8ac,사용자1840,1,사용하기힘듬,2022-08-08 06:07:11
ecacfd72-abf3-41d9-97c7-8e0a4e2d9d8e,사용자1847,5,적극적으로 추천합니다,2022-08-05 15:34:14
a9a9d000-7b36-4d15-ad2f-1b0dc4fda690,사용자1855,1,인터넷 연결중인데도 네트워크 안된다고 종료되네요,2022-08-03 00:12:14
603ac00c-e86e-4c6b-b0d5-bc8a9ffd2444,사용자1871,5,새롭게 개편되어 사용하기 편하네요 속도도 빠르네요,2022-07-29 09:22:19
ad074d0d-1633-4be0-80eb-dec861f593d9,사용자1878,5,중고차시장에 꽃이죠 솔직해서 좋았습니다,2022-07-26 18:52:03
584f4d57-3048-4e2f-9ef4-56977f01945f,사용자1909,1,업데이트되고 쓰기가 거지같네요,2022-07-21 12:26:26
3dd36ab5-a132-4dd5-b40c-5f3d8bdae39b,사용자1932,5,조목조목살펴보기가 좋습니다,2022-07-19 14:38:12
5c5ba09c-f8d1-418a-87b1-1edc90dc1f4a,사용자1936,1,업데이트했더니 에러계속됨,2022-07-19 12:26:39
4d90f9f0-ae3a-42b3-be2c-c549095510c9,사용자1997,1,이쯤되면 고객들 열불나게해서 고객들 없애려는 큰그림아닐까,2022-07-19 00:01:39
a419ea4d-5544-4381-80ba-49db94514e7e,사용자2022,4,연비정보가 없어서 아쉬움,2022-07-18 18:48:47
f40c7754-0f7d-4adc-9a41-bc2c0a95bc4a,사용자2038,1,왜이렇게불편해요 다른데가서 보는중이에요,2022-07-18 16:41:29
7a8828b4-de7c-4941-91a8-58c32020b0ec,사용자2041,1,만든사람 머리박어라,2022-07-18 15:56:19
7c6b6651-4da7-4186-8827-5fb917d86072,사용자2044,1,업데이트후에 너무느리고 멈추고 못쓸정도네요,2022-07-18 14:05:12
8a9bec62-3017-4f62-8908-0d26855c03df,사용자2046,5,간편하게보고 조회도 쉬워서 이용하기 편합니다,2022-07-18 13:30:56
ee93ad0f-ea25-4db8-a045-ed453f91bcb2,사용자2052,5,얼마전 케이카를 통해서 중고차를구입했습니다 가격이 싸진않지만 그만큼 신뢰를할수있어서 잘구입한것같구요 직원분들도 친절하게응대해주시고 취등록세도 남는건 십원한장까지 정확하게돌려주고 좋았습니다 그리고 워런티가있어 교체할것이있어도 걱정이안되네요,2022-07-18 10:36:45
03157eab-029f-44cc-918b-ccb8211e9849,사용자2064,5,인천직영점 화이팅,2022-07-18 09:08:35
76bd5e0e-9452-4cfe-b671-4f187050c9cc,사용자2077,1,접속이 안되요,2022-07-17 20:53:48
9ea2a102-8576-4a70-9908-d631832c7553,사용자2080,1,접속이 안됩니다,2022-07-17 20:21:14
aadadee3-a568-4514-905a-28d8817fe05f,사용자2085,1,앱오류 흰색화면에서 진행불가,2022-07-17 18:25:53
3d26f6a6-e6ea-468a-bd6d-f577b1758a77,사용자2111,1,엄청느립니다 엔카의 3배는 느립니다 몬쓸정도로 느립니다,2022-05-24 07:59:56
3ec9cfd8-0955-4cff-a44a-4ee0c1b5146c,사용자2114,1,겁나느림 못쓸정도로느림,2022-05-23 21:41:29
2874d0da-8b77-446a-b67e-5ee6021025fa,사용자2123,1,한마디로 교활한 4gi꾼,2022-05-03 10:59:11
72b00e29-8f6f-494d-8b50-19f994a20317,사용자2139,1,개느려텨졌네요,2022-03-29 23:49:33
cecd5081-6274-4a44-8745-28a37bef2281,사용자2142,1,중고차보러들어가니 쓰잘데기없는광고만 도배질,2022-03-27 22:06:18
35f5a502-ee47-4267-87fd-cfdd9e77c9cc,사용자2149,1,관리좀하시오클릭해도넘어가질않네,2022-03-23 19:50:23
d5b542f5-59b9-4fd4-9478-e7118c25b890,사용자2157,1,이따구로 느린걸 쓰라고 만든건지,2022-03-22 14:55:56
2060481d-73d3-456c-bb2f-3e92673f9c33,사용자2184,1,조회시 전환이 경쟁사에비해 너무느려요 개선이필요할듯,2022-03-09 23:03:18
a01a76a2-6bde-492f-853b-23527b71554f,사용자2186,1,접속도 안되요,2022-03-09 22:09:49
9a5af83f-5606-4960-9a31-41ab8d22dd4c,사용자2274,5,UI가 직관적이고 깔끔해서 편리해요,2022-02-23 14:30:10
8ec49dc8-b1db-474e-85d2-75f197613129,사용자2278,5,사용하기 편리하고 메뉴가 잘되어있어요,2022-02-23 07:35:22
88df9a05-11ed-461b-8a05-9430fac3aaf1,사용자2295,5,보기편하고 구경하기 좋네요,2022-02-18 21:16:21
a1c78b31-2f85-43d7-8b78-e40144f52b30,사용자2318,5,편리하고 만족합니다,2022-02-16 19:36:34
947ea6c9-aae3-4197-8f31-f90ae89b1164,사용자2342,3,어플진짜 징하게 느리네요,2022-02-14 23:41:26
4b219e93-284e-4970-9f61-f776cad79492,사용자2349,1,어플이 왜이렇죠 검색도 안되고,2022-02-14 21:37:40
83b38b20-6ab9-4238-a2a0-9dbba70d924d,사용자2363,5,직영차만 있어서 중고차살때 믿을만합니다 팔때도 방문견적 해주셔서 편하겠네요 어플도 간편해서 좋아요,2022-02-14 18:12:05
39246754-fe19-44d3-9aa6-f3220e423a26,사용자2369,4,렉이너무심하네요,2022-02-13 20:20:49
218d7650-64b0-4e8d-9538-b5c7f99b8a73,사용자2385,1,어플답답 너무느리고 이상하네요,2022-02-09 20:39:31
cc9fd359-b814-4305-bb2d-39c327a3ed90,사용자2395,1,버벅거림 오지게 심하네요,2022-02-06 22:22:11
d1648d8a-c92c-46d8-8fa7-332c56706f97,사용자2467,1,검색이 엄청느리네요 관리좀하시죠,2022-01-23 20:43:33
52538421-dd39-4194-bb06-6b759d805598,사용자2498,5,허위매물없는 케이카 적극추천합니다,2022-01-07 13:57:58
9220024b-8b39-4f8d-8a6a-817055a398dc,사용자2593,1,매물은 좋은데 어플은 쓰레기,2021-10-19 07:49:20
e4db1938-99f0-4904-8892-39299a79ca02,사용자2594,5,중고차 가격도 저렴하고 직영이라 믿을수 있네요,2021-10-17 18:22:26
a2414ff0-8532-4128-9066-f918e3fd50ae,사용자2609,1,뒤로가기 수정좀해주세요 불편해서 써먹질못하겠음,2021-10-06 14:24:38
ecb767c5-6b7f-4c05-89fb-ec0c4b48d84b,사용자2615,5,사용도 편리하고 보증도 확실하네요,2021-10-06 12:16:27
eff70fbd-9e41-4571-abc8-55ce4190e75b,사용자2632,5,중고차도 믿고구매할수있는 정보가필요했는데 케이카 직영중고차덕분에 중고차고민덜었습니다 앞으로도 좋은서비스기대할께요,2021-10-06 11:33:34
fe24da98-3c8b-498b-a6e6-2e163883291a,사용자2637,5,사용하기 편리하고 좋아요,2021-10-06 11:28:05
5d4f0b23-1950-429c-878c-99cc93390d69,사용자2655,5,검색기능이 편리하고 인터페이스가 깔끔해 마음에 듭니다,2021-09-26 16:49:48
aba7d38a-37bb-41a0-afad-f4a0927f0355,사용자2659,4,무난한 편입니다,2021-09-15 11:25:34
0261ddf9-fcc0-4ba1-b24d-a83a2e6a5abb,사용자2667,5,첫운전을 하기위해중고차가필요했는데 나에게딱인 차를검색해서 내집앞으로 가져다주니정말편하게이용할수있었어요 나에게 꼭필요한 앱이될것같아용,2021-08-29 12:48:55
f4671323-8873-4df0-ae93-fb505507a070,사용자2676,5,좋습니다 엔카보다 상세하게 차량설명도 볼수있고 검색도 가능합니다,2021-08-18 17:08:54
b2458ad8-2cad-4825-83d7-ff2d2c63ec08,사용자2698,1,비싸도 너무비쌈,2021-08-16 12:58:29
2d5a0c3c-ce4e-4f06-b641-49c78f24f0f6,사용자2699,5,전국에있는 모든중고차를 핸드폰하나로 자세히알아보니 너무편하고좋내요,2021-08-15 12:50:50
d2827b3d-7d55-47c2-94e6-c4f67af9562a,사용자2740,3,앱깔라는 판업좀 줄여주세요,2021-06-25 23:49:13
f455294b-ab0a-4214-8889-53044702a9ab,사용자2773,1,다른중고차마켓에비해서 월등히비쌈 여기보다 차비싼곳있으면 제차드립니다 여기중고차사이트중 제일비싸네요,2021-06-06 04:43:20
e94ce300-819d-46fe-a373-3e820ca0e6cc,사용자2796,5,다양한차종의중고가격을알수있어편리해요,2021-05-17 22:51:50
f25a9711-6756-4810-9825-c1a5fdbea6f3,사용자2803,1,앱실행 렉있을땐 너무느림,2021-05-16 20:55:44
472c35c4-2131-425f-9f39-8599d1d6afaa,사용자2835,3,다좋은데 어플이 무거운건가 검색하거나 뭐버려고누르기만하면 로딩시간이긴건지 진행이안됩니더 예전에쓸땐안그랬는데 촤근어플이많이이상해진거같습니다 버벅거림도심하고 검색하려고클릭해도 바로안뜨고 최소몇초거나 아예진행안될때도있습니다,2021-05-05 22:35:51
6c34b541-777d-478b-8215-92c7a80ef1b1,사용자2844,5,사용이 편리함,2021-05-02 16:54:03
33c72519-2db3-42ec-b027-a33a23e25d7e,사용자2893,5,다른앱보다 사용하기 편해요,2021-04-26 16:20:40
da2eff91-3c6d-40b9-8e36-b3a0055c4229,사용자2909,5,편리해서 좋아요,2021-04-14 09:26:09
a4e54858-3cf9-4616-9ea7-4a190318fb6a,사용자2935,5,중고차 사기당하기쉽상이라 조심스러운데 잘되어있어서 믿음이 가네요,2021-04-08 10:52:14
43b3f40b-d4e8-493b-acdc-e69b266c7cee,사용자2936,5,ui가 보기편하고 사용이 편합니다,2021-04-08 10:50:11
dbaa8f56-16b5-478a-9d51-dcd437f8a671,사용자2938,5,어플이 렉걸리는것도없고 중고차 어플중엔 탑인것같습니다,2021-04-08 10:49:06
63df70a1-5f8c-4104-af92-35af1c8fe9f2,사용자2947,1,왜이래느리노,2021-04-03 18:58:15
d842234a-c4af-47a9-9cad-b23ff3894a41,사용자3001,5,자동차에대한 자세한설명 너무친절한앱입니다 도움많이됩니다최고같아요 항상번창하세요 감사합니다,2021-03-19 15:24:53
40954e59-f4bc-4e49-9b89-8c0075d47acc,사용자3022,5,사용하기 편해요 중고차 정보도 믿을수있고 감사합니다,2021-03-19 11:41:03
e6b7e7a8-d7d2-44d9-97a4-4cd0330a2648,사용자3065,5,아주좋은 앱입니다 여러가지로 유익하내요,2021-03-19 11:19:43
70eb0f99-4e21-4d25-ac47-0d0c39692931,사용자3067,5,중고차는 신뢰인거같습니다ㄴ 믿을수있는 kcar로 편리하게 중고차를 선택할수있어요,2021-03-19 11:19:02
cc73cdd7-0049-4f94-ae39-88c3d50b512f,사용자3074,5,kcar니까 믿으니까 안전하니까,2021-03-19 11:13:18
30cd4b4f-c383-48b9-8ee4-1f3b3f069c49,사용자3096,5,좋습니다보기쉽게잘되있어요,2021-03-07 23:56:21
0f432b74-1aff-4c69-bf82-d3038cd52e9f,사용자3138,5,최고최고 정보짱,2021-03-06 07:07:25
e0863437-905c-4efb-9df0-2243ba933cb9,사용자3196,5,이앱은 설치해보니까 편리한것같습니다,2021-03-05 21:32:59
03518195-be62-4f5b-89e4-71df2699255c,사용자3216,5,중고차살때유용한앱입니다,2021-03-03 11:06:50
699ea13d-ec51-4766-b9f7-848a7160ab43,사용자3225,5,좋은정보가 있네요,2021-03-03 10:54:22
61889424-5237-4e9d-9b9b-d85e883a1324,사용자3236,5,중고차 거래를 손쉽게 알아볼수 있어서 kcar 직영차 이용해야죠 편리해서 좋아요,2021-02-28 17:05:25
a7baae28-7de8-423c-98ee-fe9e8026781d,사용자3328,5,이용하기 편해서 좋네요,2021-01-22 10:16:35
5e558f60-f5ce-4256-80e3-5cc3fe911732,사용자3338,5,상세히 잘해줌,2021-01-15 16:12:56
bd2a874f-9f5f-4de2-952d-949b797fda5d,사용자3347,5,편리합니당 한눈에 가격비교가 좋아여,2021-01-07 00:05:44
3f74ad18-522c-44a1-a553-a4742b01202b,사용자3350,3,사용하기 편리해요,2021-01-06 16:01:27
b95cbb51-a692-4337-93fc-e3577d794a55,사용자3353,5,사용하기 편리하고 깔끔해서 좋아요,2021-01-05 22:46:26
2238f4c5-c43c-4488-9008-35076c48374c,사용자3402,1,자꾸멈춤 느려서 보지도못함,2020-10-20 22:23:50
d83d26a5-a4f0-48ef-939a-ad7cea2c5643,사용자3419,1,시간좀지낫다하면 렉걸리고 어플관리를 도데체 어떻게하시는건가요,2020-10-05 17:37:22
7fa09251-b37a-4db8-a424-9dc6a383b89d,사용자3438,1,그저그런사이트,2020-09-21 08:30:06
8742b131-d34c-43d4-9985-fdbb93e23081,사용자3450,5,성능평가서 100 조작가능 합니다,2020-09-12 22:54:32
b4bcc358-ed09-4bec-9ef2-cbbbc200d61a,사용자3461,5,차량구매나 중고렌트의 정보가 보기편하게 정리되어있고 다양한 할인프로모션까지 준비되어있어 보기좋네요,2020-09-08 16:26:46
694ce0a7-f37f-429d-86e9-e129fa230e50,사용자3466,5,차량검색을 무사고 필터할수있어서 좋았어요 보기편합니다 총비용계산도 한눈에볼수있어서 만족합니다,2020-09-08 15:26:45
02eb2f70-7d27-485b-9948-2f91fdf6a600,사용자3498,5,일단믿고살수있는중고차사이트라거생각합니다 홈서비스또한너무좋은듯합니다,2020-09-08 13:30:35
1ff1f89f-cbd4-4177-a434-0e58423338b6,사용자3505,5,가격이좀 있지만 허위가없고 믿을수있다,2020-09-08 13:12:16
4da1087b-ee31-4d9d-82f3-c1f5af0c8b64,사용자3528,5,믿음이 갑니다,2020-08-24 13:18:37
f9e9964d-430e-4e9c-a855-a76129c30e4d,사용자3569,1,후져요 가격도 열라비싸,2020-07-28 17:37:55
f1c634c6-ca8c-4625-8ed1-ea14fc77c45d,사용자3579,1,차관리를 제대로해서 파는지 모르겠음,2020-07-22 02:33:54
87be7941-8466-4352-8e84-7513b1477d6e,사용자3595,3,편하긴헌데 좀비싸게판매하네요 허위는없는거같아서 좋긴합니다,2020-07-07 15:49:20
2c8c5c5e-cd5a-4829-83b6-f0a2b65daf2a,사용자3598,5,만족스러운 사이트 편리함,2020-07-06 07:17:13
b4124dc2-fd08-4d76-954b-292dade519da,사용자3605,4,K카차량구매해서잘사용하고있습니다,2020-07-03 12:06:45
db39762c-bf0d-40c3-b9f2-73c720494bdb,사용자3608,5,개념있는 매물들로만 이루어짐,2020-07-02 21:18:31
cdb188ef-edc8-4bf3-9548-bdaee5ab725b,사용자3609,1,3시간째 빙글빙글 도네요,2020-07-02 20:33:20
deb6fafe-f813-4ca0-a1f1-32db0292c1e9,사용자3618,5,좋다고해서따운,2020-06-24 15:33:03
0a47b3ff-7f4f-4dbb-af30-cec428bcebcd,사용자3621,5,보기편해서 좋아요,2020-06-22 17:02:50
86b39864-eeb2-4abd-84a5-8799861ece32,사용자3648,1,인터페이스 개불편함,2020-05-27 18:30:20
5835c6c5-14a1-4a3d-a58f-621d5f25e47a,사용자3672,5,편리한 선택과 진실성 최고입니다,2020-04-20 00:10:31
eaa316a2-b2b3-4548-8b62-dcb2309440be,사용자3680,5,제미서서에지바로다운로드,2020-04-08 23:42:36
cee9d7e8-6883-4893-b420-a8e169770726,사용자3742,4,언제나 보기좋아요,2020-02-27 15:40:44
9d5e118e-65de-434b-a4b6-cdd994985ee8,사용자3751,1,네트워크 문제라며 실행안됨,2020-02-19 15:55:24
488c5010-b517-418f-91de-29d9a5aed3e6,사용자3776,1,앱업데이트하고 볼수가없음 느려터짐,2020-02-11 21:49:43
d6fe6a28-ebd2-4e1c-a1fa-0bb47caf9690,사용자3786,5,고맙습니다 잘쓰고있어요,2020-02-11 02:33:26
78e4db53-a983-4119-98b2-df0ffab4136c,사용자3795,5,좋다고 판단합니다,2020-02-10 18:45:17
8939c465-0d45-4658-b7d5-fbf42fdc872a,사용자3798,1,업데이트되고 검색하기 힘들어짐 예를들어 올뉴k3를 검색하려면 k3검색후 상세검색 한번더해야됨,2020-02-10 17:51:40
114b8792-6538-487a-b6cc-7aa14ef61403,사용자3799,5,중고차 검색에 최적화,2020-02-10 17:23:41
413ad56b-fda2-4b0f-a423-2860f7739df3,사용자3826,1,여기도 개차반,2020-02-09 10:31:17
4eab798e-3839-449b-958d-03be48403087,사용자3852,5,사용하기가 너무편하네요,2020-01-22 16:25:47
9dc96f94-1b99-4d06-a574-799335386036,사용자3865,3,좋은정보감사해요 앱쓰기좋았구 시간절약됐음,2020-01-10 15:17:41
f6028dfa-6c3d-47a9-a9e6-6d1d713f32e3,사용자3905,1,갑자기 실행이 안되요,2019-12-15 21:36:36
a065561c-5551-47f8-a995-632a91be3e81,사용자3951,5,괜찮아요 좋아요,2019-12-11 13:16:04
6930aaca-a19f-4e20-9c24-ec6617368344,사용자3962,5,좋은정보 감사합니다,2019-12-11 13:10:45
2b74dace-9e8b-4389-82cf-9f258885dd4c,사용자3969,5,보기편하고 좋은차많아 좋아요,2019-12-11 13:08:18
bc3908a5-dd3d-46f1-8c3a-abebb35b6e5e,사용자3972,5,차량이 보기쉽게 정리되어있음,2019-12-11 13:07:19
452c1bfc-71cd-4777-bd86-94ab9437d5ac,사용자3974,5,중고차 검색하기 편하고 믿음이 갑니다,2019-12-11 13:06:58
b031bd4e-ed3e-41c7-a1f6-d69d145dfbba,사용자4115,5,직관적인 메뉴구성이 편리합니다,2019-11-01 16:57:01
375db15b-939d-49de-a931-6f0a43bcd260,사용자4130,5,중고차 시장에 선구스타일 미리타보기 가격정보등 최고네요 중고매매상 발품안파는게 너무좋아요 시간절약 돈절약 자동차가격도 저렴한 케이카 추천합니다,2019-11-01 16:33:37
5daef32c-aec4-46cb-b031-af8ca49a1c1d,사용자4198,5,중고차 매매단지보다 믿을수 있어서 좋습니다,2019-11-01 15:54:49
96750e84-e599-44ca-ab16-08b27fb555d2,사용자4217,5,편하게 알아볼수있어요,2019-10-27 23:00:36
4f7fb450-0849-4238-be62-d6cae4af5fa0,사용자4242,5,올초에 케이카에 그랜저를 판적있는데 가격도 괜찮게 해주시고 다른서류작업도 신경쓸 필요없이 깔끔하고 빠르게 처리해줘서 감사했어요,2019-09-29 16:50:56
f1df4cc4-4e20-4cc9-b569-8dbd8dd46f41,사용자4250,5,좋은앱이에요 중고차살때 좋아요,2019-09-27 16:06:42
4dec018f-3aca-4edb-8faa-33fe40518c63,사용자4282,4,거의타사이트대비 탑이네요,2019-09-11 14:26:44
83a039d3-79e9-4edb-b6d7-0077d6324175,사용자4294,5,홈페이지보다 빠르고 좋아요,2019-09-10 15:39:47
2d472817-c58d-4412-9bf5-94072b6c3607,사용자4312,5,빠르고 신속정확하고 중고차 사고팔때 신속정확 빠르고좋아요,2019-09-05 23:07:46
d9ee4a17-8b47-4ae7-bee2-884b5424ec89,사용자4360,5,이걸여태몰랐다니,2019-05-29 22:47:18
68741f6e-1197-4ea2-bf97-f409bfbd9839,사용자4366,5,아이디찾기가안되요 방법좀요,2019-05-21 18:31:42
4d98d607-579d-4aef-82d3-49cc4ef10441,사용자4381,5,오오가가소사리,2019-02-19 10:26:51
63f00b3f-d1e6-4a44-b930-0b63952fb4c8,사용자4389,1,일반상사나다른게없네 그냥더비쌀뿐,2018-12-13 21:42:55
758af018-6eec-4178-876c-be81696371ad,사용자4396,2,상세조건 적용이 안되네요 처음엔 되었었는대 개선해주세요,2018-11-24 20:28:11
1abb975f-e065-42c4-b99c-9f771944f233,사용자4399,3,자동차 검색부분에 세부선택에서 여러개 동시에 선택이 안되서 불편하네요,2018-11-22 02:16:19
38002916-4fab-4e4a-8e7d-7a6dfacfefc5,사용자4406,1,300원개꿀,2018-11-07 00:09:57
55d730c1-6313-4953-81e7-2de5ff18239e,사용자4411,2,카톡공유 오류뜸 갤s9임,2018-11-01 22:15:54
8256a6e4-8f2a-4be6-938d-1d582c0295c9,사용자4413,2,이전거로 돌려놔요 차검색완전불편,2018-10-31 10:13:20
cedaca12-ae3b-467a-a956-e0b033d536de,사용자4457,1,느리고엔카직영그립다,2018-10-06 22:31:26
14b61aba-bdce-4616-86dd-e5b4454712ea,사용자4459,1,검새하기 개짜증나네 전에가 편했음,2018-10-06 18:00:35
dfc81c30-7e6d-420f-96ca-f0b311ce3bfe,사용자4497,1,검색하는거 전앱처럼바꿔주세요 더불편해졌어,2018-10-02 13:53:34
58ac8af8-d813-4f98-b75a-37c34855e946,사용자4504,1,쓰레기통 바로가기,2018-10-01 23:05:31
59e9ce1e-b5c0-459e-b0f3-b6847a8bb379,사용자4516,1,중소적합업종 폐지해라,2018-10-01 16:29:42
ff599dfc-0716-43b4-a281-02570dfe5953,사용자4524,2,업데이트하면서 보기가 불편해졌어요,2018-10-01 13:24:10
f4a1817f-3607-4ebe-b1e7-6dc7ffc7de4b,사용자4543,2,좋은정보감사,2018-03-01 18:15:53
4a538539-e7ea-46d7-85b1-d95f26f5491c,사용자4554,1,업데이트안되서 사용할수없음,2017-10-29 10:49:15
ea4fe651-32d7-444d-b40b-4d66b533c070,사용자4561,4,직원들고객응대태도미흡,2017-08-11 09:19:41
a3c7c6b6-1312-4c23-863d-bb21367bf4c0,사용자4566,1,로그인이안돼여,2017-06-28 07:03:28
9fc5e485-d9a7-47a5-a884-26505de537ff,사용자4568,1,차팔이들은 다거기서거기,2017-06-01 22:27:57
ffdcd643-878d-4f1b-8ebd-4dcef7b8fa4d,사용자4569,5,Excellent,2017-05-26 21:15:53
2b59ba25-98f4-4035-9479-19783fc06fc9,사용자4570,4,사용하기편해요,2017-05-11 11:14:31
55c22aa6-d263-4d26-8b73-36e5628d06fd,사용자4571,5,좋아요좋아요,2017-04-09 21:41:37
5cba2a08-f09f-4dca-b3cb-b0f127f94917,사용자4584,4,일반적인 매매상보다는 브랜드 자체가 신뢰가 듭니다,2017-02-22 14:24:30
73e12fff-9bd2-4162-b07f-fda63032b9c0,사용자4598,1,다운이안되네요,2017-02-01 21:26:22
790599aa-40cb-49f0-b0e8-bcbfe54b1e67,사용자4608,2,상세정보 안보여요,2017-01-03 03:17:15
99c43608-9b7d-454c-9ac2-21b0df805d45,사용자4609,5,신뢰할수있다,2017-01-01 22:03:05
3cee7869-01c1-4cc2-b0ea-3b4d55a5bddd,사용자4612,1,업그레이드할수록 후져짐,2016-12-15 10:17:44
c9581e64-e2b3-4406-8eeb-8d6fd796dad1,사용자4618,2,차랴정보보려고차량누르면사진이떠야하는데 와안뜹니까,2016-11-28 20:46:29
7d50a11b-90f7-4d71-9723-895202b18677,사용자4624,5,정말최고인것같아요,2016-10-16 10:25:53
7f367e00-8d80-481c-97ca-09ed33891a59,사용자4635,4,저렴한편에 차량상태는좋음,2016-09-30 16:54:31
34716a42-988a-4fef-8178-2c12160bfdd0,사용자4640,1,업데이트만 하라함,2016-09-29 18:25:37
d9785743-72ad-4f28-a919-745d2fbb026f,사용자4646,4,다좋은데 업데이트 하라고뜨네요,2016-09-28 19:46:46
f88495cb-3307-4790-909e-22ab2fce1da0,사용자4650,3,신규설치하라고함,2016-09-28 14:03:18
91d620fb-56ca-48e7-8ffd-b20d203909e8,사용자4654,5,신규버전설치후구글플레이로가라고만함,2016-09-27 23:20:15
d33e0954-947c-4811-b6ce-c9907dbf0133,사용자4664,1,실행이 안되죠,2016-08-07 13:31:38
3b53cd07-a65b-4f05-8965-a1d47aa0ef0b,사용자4669,4,믿을만할것같아요,2016-06-24 18:47:45
f0c76f5f-1862-4e35-b9cb-e0629c69f93b,사용자4670,1,로그인이 안되요,2016-06-20 10:31:31
da467840-c697-45cd-ba4d-beecfc69f8dc,사용자4678,1,업데이 하였는데 오류로인해 작동이 안됩니다,2016-05-29 17:47:01
14a77270-6f80-490d-8124-5285298950f1,사용자4684,3,직접해주실순없나요,2016-04-19 22:59:21
9d260970-ee0d-49d7-bb31-7852e5e9122f,사용자4687,1,왜인증까지끈나고화면이안나오나구회원가잎이안되냐구이거혹시신상명세서털이아냐,2016-04-09 23:10:41
36fb1671-658c-42ac-8729-d7f8c5ae052f,사용자4694,1,가격이싼것도아니고 보기도 힘드네요 앱도느리고 오류많음,2016-03-22 03:55:51
18efcdde-f363-491b-abbe-19f2d395256d,사용자4717,5,허위매물없는직영몰,2016-01-11 12:55:24
efebdc91-f392-440a-ba18-ec4acf225fd2,사용자4721,4,사진이 잘나오네요,2016-01-11 11:59:30
08530205-0f80-46f1-9b4c-76c54eb63cd9,사용자4733,1,앞전에 버전이 검색도 편하고 사용하기 편햇네요,2016-01-07 12:37:25
1f22b950-b93e-4e89-9c06-21e1677ce268,사용자4741,4,중고차구입시 차량별 연식별 등급별 세세하게 검색하여 비교분석할수있어서 너무좋습니다 허위매물이 전혀없는엔카직영몰에서 비교하여 중고차구입시 참고할께요,2016-01-07 09:51:48
c80816d9-7cc3-4410-b6c8-6b552a5232f0,사용자4767,5,바껴서그런지좀더빠르고보기좋아요,2016-01-06 14:17:24
a2d1e26f-9a50-4da1-be8a-216bde2f9413,사용자4772,5,허위매물없이 만족하고 사용합니다,2016-01-06 14:16:46
d82875b1-a713-440a-b094-12d3d35a2c33,사용자4773,5,직영몰 좋아요,2016-01-06 14:16:42
921b490b-f82c-4857-9188-c5deaf7bb3f7,사용자4775,5,허위매물없네요,2016-01-06 14:16:32
da7977ac-21b0-4cb3-8922-39539130012b,사용자4780,5,너무사용하기편해요,2016-01-06 14:16:16
d24756bd-317e-45db-95fd-0f4dfed4615a,사용자4792,5,업데이트 너무좋습니다,2016-01-06 14:15:05
a3f6b976-a1a8-4550-b439-112531359af8,사용자4795,1,앱개발자가 sk직영몰 안티인듯 싶네요 속도더느려지고 검색도 제대도 안되고 자연스럽 어플을 안보게 만드네요,2016-01-06 13:45:55
d4b20660-039d-4f45-bafb-1f0405d5d700,사용자4801,1,머업데이트를 이렇게해놨는지,2015-12-28 09:44:49
e2578dff-d370-42e9-ac97-df3a112d5237,사용자4825,1,삭제예정 위치기반 짜증임,2015-12-17 16:44:13
934374c8-e188-4af1-a786-5a1461799fe6,사용자4830,1,연료선택하는것도 없어지고 화면구성도 이전버전보다 불편하네요,2015-12-16 20:52:48
88998589-9e0a-4225-8cd6-3508c34c2585,사용자4832,1,업데이트 구려요 되돌아가요,2015-12-16 16:19:00
99f57585-fb12-463f-9652-337d258e0a60,사용자4837,1,업데이트이후 정말보기 힘들게 해놧네요 그전이 한눈에 보기좋앗던거 같은데 지금은 와이파이로도 느리고 한눈에 한차량만보이고 비교도 힘들고 제가볼때는 최악입니다,2015-12-15 23:09:55
0f92d2f3-91b8-452b-b00c-97501f4fbccd,사용자4849,5,심심해서 시간땜빵용,2015-07-24 23:08:52
6337086d-11c6-46b7-ba43-b658133a76ed,사용자4855,3,에러왜에러가뜨죠,2015-06-13 18:55:50
5e5d6d08-85c8-44fa-bab6-95cee117b1d6,사용자4858,4,그거있는거만찾는데 어플에선 찾기힘드러요,2015-05-17 19:59:01
75d464aa-3019-4724-b0f1-9d3c648f9ccf,사용자4871,1,사진이이상하게나와요,2015-01-18 20:06:09
6beecc2a-b468-464c-ad17-0fb76882c786,사용자4911,1,실행자체가 안되네요,2014-05-01 00:33:27
3531b81b-ea6d-4e41-81cc-b972899694d7,사용자4925,3,지방에서는 지점별 검색이 필수인듯,2013-06-24 17:39:23
2f8847c9-ba61-4eed-bc3a-ef028bbd1af3,사용자4927,5,보기편하고 좋아요,2013-04-12 10:08:40
d226652c-fc9f-45bc-a6cf-72cb818fc428,사용자4929,1,별로볼께없네요,2012-10-12 23:30:11
422ef364-8712-4aa2-b3d2-1f73254678bc,사용자4930,3,오늘업뎁 했는데  예전만  못해요  주행순  가격순  연식순  확실하게  볼수있게  부탁드립니다,2012-10-11 22:07:27
ccf98486-e028-4708-9d98-15f4aa592d83,사용자4931,2,가격순 주행순으로 검색할수있게 해주세요,2012-10-10 16:46:40
9531b520-642f-4e46-9664-64ca941b0bec,사용자4934,5,기기마다안돼는게많이있네요용량이너무많이차지해서그런지받는데있어서시간이너무걸림,2012-08-22 13:50:10
cd357b5c-9471-466b-99d7-30e7402285af,사용자4940,5,엔카직영몰 허위매물도없고 아주좋아요,2012-05-15 18:43:34
5272ac89-a047-49cc-81f5-cdbec2f881f3,사용자4948,5,중고차를 한번에 검색할수있어 좋은것 같아요,2012-05-15 18:41:54
d8d2f527-38c3-4e0a-8fd2-5cfdade46161,사용자4949,5,한눈검색좋으다람쥐,2012-05-15 18:41:10
511ace8b-5bfd-4ace-a631-3d210e51930e,사용자4957,5,허위막물없이 편리하게검색할수있어매우좋습니다,2012-05-11 15:45:00
cf743c2b-6deb-4d33-9fbe-d75baa7bbf59,사용자4963,5,정말획기적이네요,2012-05-11 14:37:09
348f0743-61bb-4e24-9ca9-f729ff4b2b73,사용자4964,5,간단하니 보기도 좋네요,2012-05-11 14:36:39
6c27ce7e-3182-42d8-80da-c0cb0dc07ba4,사용자4965,5,한번에잘되네요,2012-05-11 14:35:36
f43c92dc-7bd9-4d5a-a662-028dfcfe3711,사용자4972,5,믿고거래할수있네요 직영차량은 허위매물들이 없어서 참좋아요,2012-05-02 19:18:36
2c0bf3fe-e902-4505-bd5f-d46713fd0d8b,사용자4973,5,허위매물없는 엔카가 최고네요,2012-05-02 19:18:34
0db513b6-3709-454c-b79f-d9b11e581815,사용자4985,5,유용하게잘사용하겠습니다,2012-04-27 14:28:11
07e939c6-23d1-467a-9420-b53f412c9d23,사용자4993,4,잘사용하겠습니다,2012-04-27 14:22:10
ce65c6dc-618d-4627-818d-58788d6dfd9e,사용자5009,5,허위매물도없고검색하기도편해요,2012-04-27 14:18:38
72431c80-f647-4d32-8c4b-0c04c9bbed81,사용자5010,5,쓰기편하고잘나오네요,2012-04-27 14:18:17
52223138-ea5c-4657-8ef1-93d5cadd71a4,사용자5012,4,좋은가격에 차편하게팔았습니다,2012-04-27 14:17:11
eaf59f39-941f-4fcf-8a3c-460b0f30296c,사용자5016,5,엔카에서 경매도 한다던데 추가되면 좋겠습니다,2012-04-17 17:46:26
